<?xml version="1.0" encoding="UTF-8"?>
<point_cloud version="1.7.0">
  <params>
    <dataType>uint8</dataType>
    <bands>
      <band label="Red"/>
      <band label="Green"/>
      <band label="Blue"/>
    </bands>
  </params>
  <tracks path="tracks.ply" count="7763"/>
  <points component_id="0" path="points0.ply" count="2761"/>
  <points component_id="1" path="points1.ply" count="2998"/>
  <projections camera_id="0" path="p0.ply" count="222"/>
  <projections camera_id="1" path="p1.ply" count="237"/>
  <projections camera_id="2" path="p2.ply" count="243"/>
  <projections camera_id="3" path="p3.ply" count="299"/>
  <projections camera_id="4" path="p4.ply" count="265"/>
  <projections camera_id="5" path="p5.ply" count="261"/>
  <projections camera_id="6" path="p6.ply" count="276"/>
  <projections camera_id="7" path="p7.ply" count="210"/>
  <projections camera_id="8" path="p8.ply" count="176"/>
  <projections camera_id="9" path="p9.ply" count="222"/>
  <projections camera_id="10" path="p10.ply" count="247"/>
  <projections camera_id="11" path="p11.ply" count="245"/>
  <projections camera_id="12" path="p12.ply" count="205"/>
  <projections camera_id="13" path="p13.ply" count="100"/>
  <projections camera_id="14" path="p14.ply" count="116"/>
  <projections camera_id="15" path="p15.ply" count="121"/>
  <projections camera_id="16" path="p16.ply" count="112"/>
  <projections camera_id="17" path="p17.ply" count="256"/>
  <projections camera_id="18" path="p18.ply" count="307"/>
  <projections camera_id="19" path="p19.ply" count="279"/>
  <projections camera_id="20" path="p20.ply" count="220"/>
  <projections camera_id="21" path="p21.ply" count="236"/>
  <projections camera_id="22" path="p22.ply" count="206"/>
  <projections camera_id="23" path="p23.ply" count="191"/>
  <projections camera_id="24" path="p24.ply" count="191"/>
  <projections camera_id="25" path="p25.ply" count="188"/>
  <projections camera_id="26" path="p26.ply" count="235"/>
  <projections camera_id="27" path="p27.ply" count="254"/>
  <projections camera_id="28" path="p28.ply" count="254"/>
  <projections camera_id="29" path="p29.ply" count="242"/>
  <projections camera_id="30" path="p30.ply" count="231"/>
  <projections camera_id="31" path="p31.ply" count="150"/>
  <projections camera_id="32" path="p32.ply" count="156"/>
  <projections camera_id="33" path="p33.ply" count="230"/>
  <projections camera_id="34" path="p34.ply" count="238"/>
  <projections camera_id="35" path="p35.ply" count="263"/>
  <projections camera_id="36" path="p36.ply" count="292"/>
  <projections camera_id="37" path="p37.ply" count="320"/>
  <projections camera_id="38" path="p38.ply" count="363"/>
  <projections camera_id="39" path="p39.ply" count="276"/>
  <projections camera_id="40" path="p40.ply" count="266"/>
  <projections camera_id="41" path="p41.ply" count="290"/>
  <projections camera_id="42" path="p42.ply" count="244"/>
  <projections camera_id="43" path="p43.ply" count="224"/>
  <projections camera_id="44" path="p44.ply" count="200"/>
  <projections camera_id="45" path="p45.ply" count="166"/>
  <projections camera_id="46" path="p46.ply" count="226"/>
  <projections camera_id="47" path="p47.ply" count="219"/>
  <projections camera_id="48" path="p48.ply" count="234"/>
  <projections camera_id="49" path="p49.ply" count="236"/>
  <projections camera_id="50" path="p50.ply" count="242"/>
  <projections camera_id="51" path="p51.ply" count="239"/>
  <projections camera_id="52" path="p52.ply" count="279"/>
  <projections camera_id="53" path="p53.ply" count="308"/>
  <projections camera_id="54" path="p54.ply" count="310"/>
  <projections camera_id="55" path="p55.ply" count="317"/>
  <projections camera_id="56" path="p56.ply" count="289"/>
  <projections camera_id="57" path="p57.ply" count="213"/>
  <projections camera_id="58" path="p58.ply" count="288"/>
  <projections camera_id="59" path="p59.ply" count="299"/>
  <projections camera_id="60" path="p60.ply" count="276"/>
  <projections camera_id="61" path="p61.ply" count="241"/>
  <projections camera_id="62" path="p62.ply" count="180"/>
  <projections camera_id="63" path="p63.ply" count="234"/>
  <projections camera_id="64" path="p64.ply" count="169"/>
  <projections camera_id="65" path="p65.ply" count="176"/>
  <projections camera_id="66" path="p66.ply" count="178"/>
  <projections camera_id="67" path="p67.ply" count="185"/>
  <projections camera_id="68" path="p68.ply" count="193"/>
  <projections camera_id="69" path="p69.ply" count="192"/>
  <projections camera_id="70" path="p70.ply" count="205"/>
  <projections camera_id="71" path="p71.ply" count="237"/>
  <projections camera_id="72" path="p72.ply" count="237"/>
  <projections camera_id="73" path="p73.ply" count="253"/>
  <projections camera_id="74" path="p74.ply" count="249"/>
  <projections camera_id="75" path="p75.ply" count="293"/>
  <projections camera_id="76" path="p76.ply" count="299"/>
  <projections camera_id="77" path="p77.ply" count="326"/>
  <projections camera_id="78" path="p78.ply" count="324"/>
  <projections camera_id="79" path="p79.ply" count="297"/>
  <projections camera_id="80" path="p80.ply" count="273"/>
  <projections camera_id="81" path="p81.ply" count="268"/>
  <projections camera_id="82" path="p82.ply" count="290"/>
  <projections camera_id="83" path="p83.ply" count="306"/>
  <projections camera_id="84" path="p84.ply" count="302"/>
  <projections camera_id="85" path="p85.ply" count="276"/>
  <projections camera_id="86" path="p86.ply" count="240"/>
  <projections camera_id="87" path="p87.ply" count="323"/>
  <projections camera_id="88" path="p88.ply" count="273"/>
  <projections camera_id="89" path="p89.ply" count="251"/>
  <projections camera_id="90" path="p90.ply" count="223"/>
  <projections camera_id="91" path="p91.ply" count="257"/>
  <projections camera_id="92" path="p92.ply" count="283"/>
  <projections camera_id="93" path="p93.ply" count="211"/>
  <projections camera_id="94" path="p94.ply" count="181"/>
  <projections camera_id="95" path="p95.ply" count="167"/>
  <projections camera_id="96" path="p96.ply" count="145"/>
  <projections camera_id="97" path="p97.ply" count="156"/>
  <projections camera_id="98" path="p98.ply" count="177"/>
  <projections camera_id="99" path="p99.ply" count="191"/>
  <projections camera_id="100" path="p100.ply" count="166"/>
  <projections camera_id="101" path="p101.ply" count="187"/>
  <projections camera_id="102" path="p102.ply" count="246"/>
  <projections camera_id="103" path="p103.ply" count="192"/>
  <projections camera_id="104" path="p104.ply" count="258"/>
  <projections camera_id="105" path="p105.ply" count="302"/>
  <projections camera_id="106" path="p106.ply" count="277"/>
  <projections camera_id="107" path="p107.ply" count="285"/>
  <projections camera_id="108" path="p108.ply" count="319"/>
  <projections camera_id="109" path="p109.ply" count="334"/>
  <projections camera_id="110" path="p110.ply" count="257"/>
  <projections camera_id="111" path="p111.ply" count="277"/>
  <projections camera_id="112" path="p112.ply" count="236"/>
  <projections camera_id="113" path="p113.ply" count="273"/>
  <projections camera_id="114" path="p114.ply" count="268"/>
  <projections camera_id="115" path="p115.ply" count="210"/>
  <projections camera_id="116" path="p116.ply" count="214"/>
  <projections camera_id="117" path="p117.ply" count="225"/>
  <projections camera_id="118" path="p118.ply" count="156"/>
  <projections camera_id="119" path="p119.ply" count="160"/>
  <projections camera_id="120" path="p120.ply" count="140"/>
  <projections camera_id="121" path="p121.ply" count="167"/>
  <projections camera_id="122" path="p122.ply" count="166"/>
  <projections camera_id="123" path="p123.ply" count="190"/>
  <projections camera_id="124" path="p124.ply" count="174"/>
  <projections camera_id="125" path="p125.ply" count="154"/>
  <projections camera_id="126" path="p126.ply" count="131"/>
  <projections camera_id="127" path="p127.ply" count="154"/>
  <projections camera_id="128" path="p128.ply" count="113"/>
  <projections camera_id="129" path="p129.ply" count="135"/>
  <projections camera_id="130" path="p130.ply" count="120"/>
  <projections camera_id="131" path="p131.ply" count="149"/>
  <projections camera_id="132" path="p132.ply" count="169"/>
  <projections camera_id="133" path="p133.ply" count="175"/>
  <projections camera_id="134" path="p134.ply" count="195"/>
  <projections camera_id="135" path="p135.ply" count="206"/>
  <projections camera_id="136" path="p136.ply" count="199"/>
  <projections camera_id="137" path="p137.ply" count="209"/>
  <projections camera_id="138" path="p138.ply" count="182"/>
  <projections camera_id="139" path="p139.ply" count="149"/>
  <meta>
    <property name="Info/LastSavedDateTime" value="2025:11:09 21:52:41"/>
    <property name="Info/LastSavedSoftwareVersion" value="2.2.2.21287"/>
    <property name="Info/OriginalDateTime" value="2025:11:09 21:34:11"/>
    <property name="Info/OriginalSoftwareVersion" value="2.2.2.21287"/>
    <property name="MatchPhotos/cameras" value=""/>
    <property name="MatchPhotos/descriptor_type" value="binary"/>
    <property name="MatchPhotos/descriptor_version" value="1.1.0"/>
    <property name="MatchPhotos/downscale" value="8"/>
    <property name="MatchPhotos/downscale_3d" value="1"/>
    <property name="MatchPhotos/duration" value="59.986"/>
    <property name="MatchPhotos/filter_stationary_points" value="true"/>
    <property name="MatchPhotos/generic_preselection" value="true"/>
    <property name="MatchPhotos/guided_matching" value="false"/>
    <property name="MatchPhotos/keep_keypoints" value="false"/>
    <property name="MatchPhotos/keypoint_limit" value="40000"/>
    <property name="MatchPhotos/keypoint_limit_3d" value="100000"/>
    <property name="MatchPhotos/keypoint_limit_per_mpx" value="1000"/>
    <property name="MatchPhotos/laser_scans_use_initial_orientation" value="false"/>
    <property name="MatchPhotos/laser_scans_vertical_axis" value="0"/>
    <property name="MatchPhotos/match_laser_scans" value="false"/>
    <property name="MatchPhotos/max_workgroup_size" value="100"/>
    <property name="MatchPhotos/ram_used" value="353894400"/>
    <property name="MatchPhotos/reference_preselection" value="false"/>
    <property name="MatchPhotos/reference_preselection_mode" value="1"/>
    <property name="MatchPhotos/reset_matches" value="false"/>
    <property name="MatchPhotos/subdivide_task" value="true"/>
    <property name="MatchPhotos/tiepoint_limit" value="4000"/>
    <property name="MatchPhotos/workitem_size_cameras" value="20"/>
    <property name="MatchPhotos/workitem_size_pairs" value="80"/>
  </meta>
</point_cloud>
